product_name,brand,unit,product_type,price_per_unit,currency
Hammer,Lippro,Piece,Tool,2.95,USD
Hand Saw,Tekiro,Piece,Tool,3.54,USD
Measuring Tape,Stanley,Piece,Tool,1.77,USD
Screwdriver Set,Tekiro,Set,Tool,2.36,USD
Pliers,Tekiro,Piece,Tool,2.06,USD
Hoe,Camel,Piece,Tool,4.72,USD
Shovel,Camel,Piece,Tool,4.42,USD
Wheelbarrow,Artco,Piece,Tool,26.54,USD
Trowel,Lippro,Piece,Tool,1.47,USD
Plastering Float,Lippro,Piece,Tool,1.77,USD
Spirit Level,Krisbow,Piece,Tool,3.83,USD
PVC Door,Maspion,Piece,Door,20.64,USD
Wooden Door,Unbranded,Piece,Door,2.95,USD
Steel Door,WINA,Piece,Door,41.28,USD
Door Frame (Wood),Unbranded,Piece,Door Frame,14.74,USD
Door Lock,Solid,Set,Lock,5.90,USD
Door Handle,Belleza,Piece,Lock Accessory,2.95,USD
Door Hinge,Belleza,Pair,Lock Accessory,1.77,USD
Squat Toilet,INA,Piece,Sanitary,17.69,USD
Sitting Toilet,TOTO,Piece,Sanitary,70.76,USD
Water Faucet,Wasser,Piece,Sanitary,44.23,USD
Shower,American Standard,Set,Sanitary,11.79,USD
Wash Basin (Sink),TOTO,Piece,Sanitary,3.54,USD
Floor Drain,Onda,Piece,Sanitary,2.95,USD
Ceramic Tile,Roman,Box,Tile,4.42,USD
Granite Tile,Indogress,Box,Tile,8.85,USD
Plaster Mortar,Mortar Utama (MU),Sack,Mortar,2.95,USD
Skim Coat (Wall Putty),Drymix,Sack,Mortar,3.24,USD
Tile Adhesive Mortar,AM,Sack,Mortar,3.54,USD
Tile Grout,Sika,Sack,Mortar,2.65,USD
Wall Paint,Dulux,Can,Paint,7.08,USD
Paint Brush,Eterna,Piece,Paint Accessory,0.88,USD
Paint Roller,Ace Oldfields,Piece,Paint Accessory,1.47,USD
Sandpaper,Taiyo,Piece,Paint Accessory,0.29,USD
Wall Putty (Filler),Matex,Kg,Paint Accessory,1.18,USD
PVC Pipe,Wavin,Meter,Plumbing,0.88,USD
PVC Pipe,Rucika,Meter,Plumbing,0.94,USD
Water Tank,Penguin,Piece,Plumbing,88.45,USD
Electrical Cable,Supreme,Meter,Electrical,0.29,USD
Conduit Pipe,Clipsal,Meter,Electrical,0.41,USD
Lamp Bulb,Philips,Piece,Electrical,0.88,USD
Power Outlet,Panasonic,Piece,Electrical,1.18,USD
Clay Roof Tile,Kanmuri,Piece,Roof Covering,0.12,USD
Concrete Roof Tile,Monier,Piece,Roof Covering,0.21,USD
Metal Roof Tile,Multi Roof,Piece,Roof Covering,0.29,USD
Spandek / Galvalume Sheet,BlueScope,Meter,Roof Covering,5.31,USD
Asbestos Sheet,Djabesmen,Meter,Roof Covering,3.54,USD
Timber Roof Frame,Unbranded,Meter,Roof Frame,1.77,USD
Lightweight Steel Roof Frame,Taso,Meter,Roof Frame,2.65,USD
Gypsum Board,Jayaboard,Sheet,Ceiling,3.54,USD
GRC Board,KalsiBoard,Sheet,Ceiling,4.13,USD
Ceiling Cornice / Profile List,Aplus,Meter,Ceiling,0.88,USD
Tiga Roda 40 kg,Tiga Roda,Sack,Cement,3.77,USD
Tiga Roda 50 kg,Tiga Roda,Sack,Cement,4.48,USD
Holcim 40 kg,Holcim,Sack,Cement,3.30,USD
Holcim 50 kg,Holcim,Sack,Cement,4.01,USD
Gresik 40 kg,Gresik,Sack,Cement,3.36,USD
Gresik 50 kg,Gresik,Sack,Cement,4.13,IDR
Masonry Sand,Unbranded,Cubic Meter,Sand,14.74,USD
Concrete Sand,Unbranded,Cubic Meter,Sand,17.69,USD
Crushed Stone / Gravel,Unbranded,Cubic Meter,Stone,20.64,USD
River Stone,Unbranded,Cubic Meter,Stone,19.46,USD
Red Brick,Laksana,Piece,Brick,0.05,USD
Concrete Block,Bricon,Piece,Brick,0.29,USD
Lightweight Brick (AAC Block),Hebel,Piece,Brick,0.59,USD
Rebar 6mm,Krakatau Steel,Meter,Steel,0.88,USD
Rebar 8mm,Master Steel,Meter,Steel,1.18,USD
Rebar 10mm,Gunung Steel,Meter,Steel,1.47,USD
Timber Beam (Kaso),Unbranded,Piece,Wood,1.47,USD
Roof Batten (Reng),Unbranded,Piece,Wood,0.88,USD
Wooden Beam,Unbranded,Piece,Wood,2.36,USD
Formwork Board (Shuttering),Unbranded,Piece,Wood,1.77,USD
3000 PSI Standard Ready-Mix,Geneva Rock,1 cubic yard,Concrete,145.00,USD
4000 PSI High-Strength Ready-Mix,Geneva Rock,1 cubic yard,Concrete,160.00,USD
4000 PSI Concrete - Brick Red Integral Color,Geneva Rock,1 cubic yard,Concrete,255.00,USD
4000 PSI Concrete - Cobalt Blue Integral Color,Geneva Rock,1 cubic yard,Concrete,330.00,USD
Fiber-Reinforced Concrete (4000 PSI),Geneva Rock,1 cubic yard,Concrete,175.00,USD
Short Load Delivery Fee (Under 10 CY),Geneva Rock,1 cubic yard,Fee,55.00,USD
2 in. x 4 in. x 96 in. #2 Premium Grade KD-HT Stud,N/A,piece,Framing,3.98,USD
2 in. x 4 in. x 96 in. Premium Burrill Fir Stud,N/A,piece,Framing,4.15,USD
2 in. x 4 in. x 8 ft. #1 Ground Contact Pressure-Treated Southern Yellow Pine Lumber,WeatherShield,piece,Framing,5.58,USD
2 in. x 4 in. x 8 ft. Versa-Stud LVL SP 2650 1.7 (3-Piece per Box),Boise Cascade,box,Framing,115.56,USD
2 in. x 6 in. x 8 ft. # 2 Premium Grade SPF Dimensional Lumber,N/A,piece,Framing,9.18,USD
2 in. x 4 in. x 8 ft. Rough Sawn Western Red Cedar Fence Panel Backer Rail (4-Pack),ProWood,package,Framing,98.85,USD
2 in. x 4 in. x 8 ft. Poplar S4S Board,Swaner Hardwood,piece,Interior,78.75,USD
2 in. x 4 in. x 92-5/8 in. Prime Whitewood Stud,N/A,piece,Framing,3.85,USD
2 in. x 4 in. x 8 ft. Cherry S4S Board,Swaner Hardwood,piece,Interior,107.69,USD
4 in. x 4 in. x 8 ft. #2 Premium Grade Fir Dimensional Lumber,N/A,piece,Framing,12.98,USD
2 in. x 4 in. x 8 ft. Walnut S4S Board,Swaner Hardwood,piece,Interior,174.34,USD
2 in. x 4 in. x 8 ft. Red Oak S4S Board,Swaner Hardwood,piece,Interior,108.00,USD
2 in. x 4 in. x 8 ft. African Mahogany S4S Board,Swaner Hardwood,piece,Interior,116.63,USD
2 in. x 4 in. x 4 ft. #2 Premium Grade Dimensional Lumber,ProWood,piece,Framing,2.98,USD
2 in. x 4 in. x 8 ft. Maple S4S Board,Swaner Hardwood,piece,Interior,121.02,USD
2 in. x 3 in. x 8 ft. #2 Select Grade Dimensional Lumber,N/A,piece,Framing,3.35,USD
2 in. x 4 in. x 88 in. #2 Premium Grade SPF Stud,N/A,piece,Framing,3.65,USD
2 in. x 4 in. x 2 ft. #2 Premium Grade Dimensional Lumber,ProWood,piece,Framing,1.75,USD
2 in. x 4 in. x 12 ft. #2 Premium Grade SPF Dimensional Lumber,N/A,piece,Framing,8.42,USD
2 in. x 4 in. x 10 ft. #2 Premium Grade SPF Dimensional Lumber,N/A,piece,Framing,7.23,USD
2 in. x 4 in. x 3 ft. #2 Premium Grade Dimensional Lumber,ProWood,piece,Framing,2.75,USD
2 in. x 8 in. x 8 ft. #2 Premium Grade Fir Dimensional Lumber,N/A,piece,Framing,11.12,USD
2 in. x 12 in. x 8 ft. #2 Premium Grade Fir Dimensional Lumber,N/A,piece,Framing,25.36,USD
2 in. x 4 in. x 104-5/8 in. Premium Kiln-Dried Fir Framing Lumber,N/A,piece,Framing,5.53,USD
2 in. x 6 in. x 12 ft. #2 Premium Grade SPF Dimensional Lumber,N/A,piece,Framing,13.83,USD
2 in. x 6 in. x 12 ft. #1 Ground Contact Pressure-Treated Southern Yellow Pine Lumber,N/A,piece,Framing,12.88,USD
4 in. x 6 in. x 12 ft. #2 Pressure-Treated Ground Contact Southern Pine Timber,N/A,piece,Framing,27.68,USD
2 in. x 4 in. x 12 ft. #2 Premium Grade SPF Dimensional Lumber,N/A,piece,Framing,8.42,USD
2 in. x 6 in. x 4 ft. #2 Premium Grade Dimensional Lumber,ProWood,piece,Framing,4.98,USD
2 in. x 6 in. x 16 ft. #2 Premium Grade SPF Dimensional Lumber,N/A,piece,Framing,19.15,USD
2 in. x 6 in. x 8 ft. # 2 Premium Grade SPF Dimensional Lumber,N/A,piece,Framing,9.18,USD
2 in. x 6 in. x 10 ft. #2 Premium Grade SPF Dimensional Lumber,N/A,piece,Framing,11.92,USD
2 in. x 6 in. x 4 ft. Premium Ground-Contact Pressure-Treated Southern Yellow Pine Lumber,WeatherShield,piece,Framing,5.88,USD
2 in. x 6 in. x 4 ft. Premium Southern Yellow Pine Dimensional Lumber (3-Pack),ProWood,package,Framing,16.99,USD
2 in. x 6 in. x 8 ft. #1 Ground Contact Pressure-Treated Southern Yellow Pine Lumber,WeatherShield,piece,Framing,8.28,USD
2 in. x 6 in. x 16 ft. #1 Ground Contact Pressure-Treated Southern Yellow Pine Lumber,WeatherShield,piece,Framing,17.58,USD
1 in. x 2 in. x 6 ft. Premium Kiln-Dried Square Edge Whitewood Common Board,N/A,piece,Interior,3.58,USD
2 in. x 6 in. x 10 ft. #1 Ground Contact Pressure-Treated Southern Yellow Pine Lumber,WeatherShield,piece,Framing,10.58,USD
2 in. x 6 in. x 14 ft. #2 Premium Grade SPF Dimensional Lumber,N/A,piece,Framing,16.98,USD
2 in. x 6 in. x 8 ft. SPF #2 Standard Grade Dimensional Lumber,N/A,piece,Framing,4.69,USD
2 in. x 12 in. x 16 ft. #1 Ground Contact Pressure-Treated Southern Yellow Pine Lumber,N/A,piece,Framing,43.68,USD
2 in. x 10 in. x 12 ft. #2 Premium Grade Fir Dimensional Lumber,N/A,piece,Framing,27.52,USD
2 in. x 8 in. x 12 ft. #2 Premium Grade Fir Dimensional Lumber,N/A,piece,Framing,16.76,USD
2 in. x 6 in. x 6 ft. Poplar S4S Board,Swaner Hardwood,piece,Interior,77.12,USD
2 in. x 10 in. x 12 ft. # 2 Premium Grade Fir Dimensional Lumber,N/A,piece,Framing,27.52,USD
2 in. x 6 in. x 6 ft. Maple S4S Board,Swaner Hardwood,piece,Interior,108.75,USD
2 in. x 6 in. x 6 ft. Walnut S4S Board,Swaner Hardwood,piece,Interior,150.74,USD
1 in. x 2 in. x 6 ft. Walnut S4S Board (2-Pack),Swaner Hardwood,package,Interior,47.7,USD
OSB 7/16 Application as 4ft. X 8 ft. Sheathing Panel,N/A,sheet,Framing,16.48,USD
23/32 in. T&G OSB Subfloor (Common: 23/32 in. x 4 ft. x 8 ft.; Actual: 0.703 in. x 47.875 in. x 95.875 in.),N/A,sheet,Framing,24.98,USD
Oriented Strand Board (Common: 19/32 in. x 4 ft. x 8 ft.; Actual: 0.578 in. x 47.75 in. x 95.75 in.),Blue Ribbon,sheet,Framing,21.48,USD
7/16 In. 4 Ft. x 8 Ft. Zip OSB Wall Sheathing,Huber,sheet,Framing,34.98,USD
15/32 in. x 4 ft. x 8 ft Sheathing Plywood ( Actual: 0.438 in. x 48 in. x 96 in.),N/A,sheet,Framing,25.48,USD
Hardboard Tempered Panel (Common: 1/8 in. 4 ft. x 8 ft.; Actual: 0.115 in. x 47.7 in. x 95.7 in.),N/A,sheet,Interior,14.25,USD
11/32 in. x 4 ft. x 8 ft. Rtd Southern Yellow Pine Plywood Sheathing,Plytanium,sheet,Framing,21.48,USD
LP Premium 23/32 in. Application as 4 ft. x 8 ft. Tongue and Groove OSB Sub-Floor,Legacy,sheet,Framing,33.98,USD
1/8 in. x 4 ft. x 8 ft. Eucalyptus White Hardboard,N/A,sheet,Interior,12.72,USD
19/32 in. x 4 ft. x 8 ft. Sheathing Plywood (Actual: 0.563 in. x 48 in. x 96 in.),N/A,sheet,Framing,30.98,USD
19/32 in. x 4 ft. x 8 ft. Rtd Sheathing Syp,Plytanium,sheet,Framing,27.48,USD
1/5 in. x 4 ft. x 8 ft. Hardwood Plywood Underlayment Specialty Panel,N/A,sheet,Interior,21.38,USD
7/16 in. x 2 ft. x 4 ft. Oriented Strand Board Project Panel,ProWood,sheet,Framing,5.5,USD
23/32 in. x 4 ft. x 8 ft. Dry Guard Oriented Strand Board,Georgia-Pacific,sheet,Framing,31.48,USD
23/32 in. x 4 ft. x 8 ft. Fir Sheathing Plywood (Actual: 0.688 in. x 48 in. x 96 in.),N/A,sheet,Framing,36.98,USD
15/32 in. x 4 ft. x 8 ft. Southern Pine Plywood,Plytanium,sheet,Framing,25.48,USD
23/32 in. x 4 ft. x 8 ft. RTD Sheathing Syp,N/A,sheet,Framing,35.48,USD
5/8 in. x 4 ft. x 8 ft. Zip System Oriented Strand Board Roof Sheathing,Huber,sheet,Roofing,53.98,USD
AdvanTech 23/32 in. x 4 ft. x 8 ft. Struct-1 Rated Oriented Strand Board Tongue and Groove Subfloor Panel,Huber,sheet,Framing,49.98,USD
3/4 in. x 4 ft. x 8 ft. PureBond Birch Plywood,Columbia Forest Products,sheet,Interior,74.98,USD
Advantech 23/32 in. x 4 ft. x 8 ft. T&G OSB Underlayment Panel,N/A,sheet,Framing,49.98,USD
3/4 in. x 2 ft. x 4 ft. Medium Density Fiberboard Project Panel,ProWood,sheet,Interior,29.49,USD
15/32 in. x 4 ft. x 4 ft. Sanded Plywood Project Panel,ProWood,sheet,Interior,33.04,USD
7/16 in. OSB Sheathing Panel (4 ft. x 8 ft.) and 23/32 in. Tongue and Groove OSB Sub-Floor (4 ft. x 8 ft.) Combo,N/A,package,Framing,50.46,USD
"3-1/4 in. x 9-Gauge 16-penny Vinyl Coated Smooth Shank Sinker Nails 5 lb. Box",Grip-Rite,box,Framing,26.0,USD
"3-1/4 in. x 9-Gauge 16-penny Vinyl Coated Smooth Shank Sinker Nails 30 lb. Bucket",Grip-Rite,bucket,Framing,63.81,USD
"3-1/4 in. x 9-Gauge 16-penny Vinyl Coated Smooth Shank Sinker Nails 1 lb. Box",Grip-Rite,box,Framing,7.37,USD
"3-1/4 in. x 0.131 in. 21° Plastic Collated Bright Coated Smooth Shank Round Head Framing Nails 1000 per Box",Grip-Rite,box,Framing,43.98,USD
"3-1/4 in. x 16D Vinyl Coated Sinker Non-Collated Framing Nails 30 lbs. (1700-Count)",Everbilt,box,Framing,63.81,USD
"3-1/2 in. x 8-Gauge 16-penny Bright Steel Smooth Shank Common Nails 5 lb. Box",Grip-Rite,box,Framing,21.84,USD
"16D 3 in. x .131 in. Collated 21-Degree Duplex Nails for M18 FUEL Duplex Nailer (2000-Count)",Milwaukee,box,Framing,105.0,USD
"3-1/2 in. x 10-Gauge16-penny Exterior Galvanized Smooth Shank Box Nails 1 lb. Box",Grip-Rite,box,Framing,6.7,USD
"3 in. x 16D Bright Non-Collated Duplex Framing Nails 30 lbs. (1280-Count)",Everbilt,box,Framing,78.38,USD
"3-1/4 in. (16D) Vinyl Coated Sinker 25 lbs. (1550-Count)",PRO-FIT,box,Framing,51.72,USD
"3-1/2 in. x 8-Gauge 16-penny Exterior Galvanized Steel Common Nails 5 lb. Box",Grip-Rite,box,Framing,26.17,USD
"16D 3 in. x .131 in. Collated 21-Degree Duplex Nails for M18 FUEL Duplex Nailer (10000-Count)",Milwaukee,box,Framing,509.0,USD
"3-1/2 in. (16D) Hot Dipped Galvanized Smooth Common Nail 5 lbs. (225-Count)",PRO-FIT,box,Framing,27.79,USD
"16d x 3-1/2 in. Annular-Ring Shank Type 316 Stainless Steel Preservative-Treated Wood Decking Nail (25-Pack)",Simpson Strong-Tie,package,Framing,9.19,USD
"3-1/2 in. x 8-Gauge 16-penny Vinyl Coated Steel Smooth Shank Common Nails 1 lb. Box",Grip-Rite,box,Framing,7.37,USD
"3-1/2 in. (16D) Brite Smooth Common Nail 5 lbs. (230-Count)",PRO-FIT,box,Framing,24.23,USD
"3 in. x 6-Gauge 16-penny Bright Steel Smooth Shank Duplex Nails 5 lb. Box",Grip-Rite,box,Framing,29.38,USD
"3-1/2 in. x 8-Gauge 16-penny Exterior Galvanized Steel Common Nails 1 lb. Box",Grip-Rite,box,Framing,7.37,USD
"3-1/2 in. x 10-Gauge16-penny Exterior Galvanized Smooth Shank Box Nails 5 lb. Box",Grip-Rite,box,Framing,23.55,USD
"16D (3-1/2 in.) Duplex Nail (30 lbs./Per Bucket)",N/A,bucket,Framing,83.97,USD
"3-1/2 in. x 16D Bright Common Nails 30 lbs. (1311-Count)",Everbilt,box,Framing,67.47,USD
"3-1/2 in. x 16D Hot Dipped Galvanized Common Nails 5 lbs. (222-Count)",Everbilt,box,Framing,26.86,USD
"3 in. (16D) Brite Duplex Nails 25 lbs. (1150-Count)",PRO-FIT,box,Framing,65.84,USD
"16D 3 in. x .131 in. Collated 21-Degree Duplex Nails for M18 FUEL Duplex Nailer (6000-Count)",Milwaukee,box,Framing,309.0,USD
1/2 in. x 20 ft. #4 Rebar,N/A,piece,Concrete,13.61,USD
1/2 in. x 10 ft. #4 Rebar,Weyerhaeuser,piece,Concrete,9.5,USD
1/2 in. x 4 ft. #4 Rebar,Weyerhaeuser,piece,Concrete,5.92,USD
Hydraulic Electric Rebar Cutter 1050-Watts 110-Volt Cuts Up to 3/4 in. 4-20mm Rebar with Portable Metal Storage Box,KIWDZFU,package,Concrete,819.03,USD
Electric Rebar Cutter 1050-Watts Portable Cuts Up to 3/4 in. 4-20 mm 6 Rebar Fast 1.5-2S Speed Low Noise Blue,KIWDZFU,package,Concrete,717.93,USD
Electric Hydraulic Rebarcutter 3/4 1.5-2S Cutting Speed Portable Cut 4-20mm 6 Rebar 1050-Watt 120-Volt/60 hz Grey Orange,KIWDZFU,package,Concrete,717.93,USD
Electric Hydraulic Rebar Cutter Cutting up to 3/4 in. 4-20mm Replaceable Jaw Blades Fast Cutting Speed 1250 W,KIWDZFU,package,Concrete,812.22,USD
4 in. x 20 ft. 23 Gauge Galvanized Wire Mesh Roll for Chicken Fences Screen Mesh Rabbit Snake Fences,NVNOO,roll,Concrete,57.7,USD
1/2 in. x 10 ft. #4 Rebar,N/A,piece,Concrete,9.5,USD
1/2 in x 2 ft. #4 Rebar,N/A,piece,Concrete,5.35,USD
1/2 in. x 4 ft. #4 Rebar,N/A,piece,Concrete,5.92,USD
1/2 in. x 2 ft. #4 Rebar,N/A,piece,Concrete,5.35,USD
67/100 ft. 16-Gauge Rebar Tie Wire (100-Piece/Bag),Grip-Rite,bag,Concrete,4.95,USD
1/2 in. x 1 ft. #4 Rebar,Weyerhaeuser,piece,Concrete,4.28,USD
1/2 in. x 1 ft. #4 Rebar,N/A,piece,Concrete,4.28,USD
400 ft. 16.5-Gauge Rebar Tie Wire,Weyerhaeuser,roll,Concrete,12.98,USD
0.5 in. x 60 in. #4 Black Nature Surface FRP Rebar (12-Pack),Wellco,package,Concrete,30.74,USD
0.5 in. x 48 in. #4 Black Nature Surface FRP Rebar (24-Pack),Wellco,package,Concrete,43.9,USD
1/2 in. x 2 ft. #4 Rebar,Gibraltar Building Products,piece,Concrete,5.35,USD
0.5 in. x 60 in. #4 Black Nature Surface FRP Rebar (24-Pack),Wellco,package,Concrete,46.72,USD
Manual Steel Rod Bender 4-14 mm Diameter Medium Size Metalworking Hand Tool for DIY with Solid and Hollow Handles,KIWDZFU,package,Concrete,240.81,USD
0.4 in. x 4 ft. Black Nature Surface Metal Rebar (8-Pack),Wellco,package,Concrete,24.83,USD
2-1/4 in. Rebar High Chair (20-Piece),Grip-Rite,package,Concrete,5.48,USD
1/2 in. x 10 ft. Rebar,N/A,piece,Concrete,9.5,USD
MoistureBlock 100 sq. ft. Roll 30 x in. W x 40 x ft. L x 6 mm T Vapor Barrier Underlayment for Wood Laminate and Vinyl,MP Global Products,roll,Interior,16.13,USD
Moisture Barricade 120 sq. ft. Roll 120 in. W x 12 ft. L x 6 mil T Underlayment for Vinyl,Laminate,SPC,Wood,ROBERTS,roll,Interior,22.84,USD
MoistureBlock 300 sq.ft. Roll 144 x in. W x 25 x ft. L x 6 mm T Vapor Barrier Underlayment for Wood Laminate and Vinyl,MP Global Products,roll,Interior,N/A,USD
10 ft. x 100 ft. Clear String-Reinforced Plastic Sheeting for Vapor Barrier and Crawl Space Under Floor,BOEN,roll,Concrete,104.28,USD
200 sq. ft. Roll 120 in. W x 20 ft. L x 6 mil T Moisture Barrier Underlayment for Vinyl Laminate and Engineered Hardwood,TrafficMaster,roll,Interior,56.8,USD
10 ft. x 100 ft. 4 mil Clear Plastic Sheeting for Construction,Painting and Vapor Barrier,BOEN,roll,Interior,49.99,USD
10 ft. x 25 ft. Clear 6 mil Plastic Sheeting,HDX,roll,Concrete,39.78,USD
10 Mil Plastic Sheeting 10 x 100 ft. Heavy Duty Roll,Polyethylene Tarp,Vapor Barrier for Crawl Space,Multi-Purpose,,SVOPES,roll,Concrete,86.97,USD
Moisture Vapor Barrier 250 sq. ft. Roll 47.76 in. W x 63 ft. L x 6 mm T Underlayment for Vinyl,SPC,Laminate,Wood,N/A,roll,Interior,54.6,USD
VaporBlock 150 sq. ft. 6 ft. x 25 ft. x 0.006 in. Polyethylene Vapor Barrier Underlayment for Hardwood Laminate Floors,CalFlor,roll,Interior,27.79,USD
100 sq. ft. 48x in. W 25x ft. L x 6mil 0.15mm T Virgin Polyethylene Vapor Barrier underlayment for Luxury Vinyl Flooring,Proteco,roll,Interior,24.45,USD
9 ft. x 150 ft. Woven Housewrap,Everbilt,roll,Framing,118.0,USD
10 ft. x 100 ft. Clear 4 mil Plastic Sheeting,HDX,roll,Concrete,59.48,USD
Moisture Barricade 300 sq. ft. Roll 144 in. W x 25 ft. L x 6 mil T Underlayment for Vinyl,Laminate,SPC,Wood,ROBERTS,roll,Interior,56.6,USD
10 ft. x 100 ft. Clear 6 mil. Plastic Sheeting,HDX,roll,Concrete,69.98,USD
500 sq. ft. 36 in. Wide x 167 ft. Long x 7 mil Thick Aquabar "B" Tile Underlayment Roll,Fortifiber,roll,Interior,37.67,USD
Silicone Moisture Barrier 200 sq ft 31.5 in.Wx76.25 ft. L x6 mil T Underlayment for LVP,Solid & Engineered Wood Floors,ROBERTS,roll,Interior,27.49,USD
14 ft. x 210 ft. x 10 mil Yellow Guard Vapor Barrier,Husky,roll,Concrete,451.53,USD
R- 19 Faced Fiberglass Insulation Roll 15 in. x 39.2 ft. (1 Roll),Owens Corning,roll,Framing,50.57,USD
MemBrain 10 ft. W x 100 ft. L Unfaced Air Barrier and Smart Vapor Plastic Sheeting Retarder Roll 1033 sq. ft.,CertainTeed,roll,Framing,236.72,USD
0.54 sq. ft. 39.6 x in. W. x 50 x ft. L. x 6 mm T Polyethylene Film Vapor Barrier Underlayment for Floor,Vinyl,Black,Wellco,roll,Interior,21.59,USD
10 Mil Plastic Sheeting,Heavy Duty 20 x 100 ft. Black Roll,Polyethylene Tarp for Crawl Space Vapor Barrier and Multi,SVOPES,roll,Concrete,186.0,USD
10 Mil Plastic Sheeting 5 ft. x 100 ft. Heavy Duty Roll,Polyethylene Tarp,Vapor Barrier for Crawl Space,Multi-Purpose,SVOPES,roll,Concrete,59.97,USD
12 ft. x 100 ft. Black 6 mil Plastic Sheeting,Husky,roll,Concrete,68.18,USD
42 in. x 84 in. Remesh Sheet,N/A,sheet,Concrete,18.87,USD
5 ft. x 150 ft. Steel Mesh Roll,N/A,roll,Concrete,169.0,USD
27 in. x 96 in. 2.5 Metal Lath Galvanized,N/A,piece,Concrete,17.48,USD
2 in. Steel Mesh Chair (50-Pack),Hercules,package,Concrete,34.98,USD
67/100 ft. 16-Gauge Rebar Tie Wire (100-Piece/Bag),Grip-Rite,bag,Concrete,4.95,USD
2 in. Steel Mesh Chair (100-Pack),Hercules,package,Concrete,58.0,USD
1/4 in. x 3 ft. x 10 ft. 23-Gauge Hardware Cloth,Fencer Wire,roll,Framing,17.5,USD
48 in. x 100 ft. 19-Gauge Black Vinyl Coated Precision Welding Metal Mesh,Silverpark,roll,Framing,188.56,USD
1/2 in. x 10 ft. #4 Rebar,Weyerhaeuser,piece,Concrete,9.5,USD
5 in. x 30 ft. Stainless Steel Wire Mesh Roll for Garden House and DIY,NVNOO,roll,Framing,47.38,USD
5 ft. x 100 ft. 16-Gauge Welded Wire Fence with 4 in. x 4 in. Mesh,Fencer Wire,roll,Framing,70.98,USD
72 in. x 50 ft. 16-Gauge Reinforced PVC Coated Wire Mesh for Garden Fencing and Pet Enclosures Precision Welding,WRIGHTMASTER,roll,Framing,126.67,USD
3 in. PROLOK Rebar and Mesh Chair,Grip-Rite,piece,Concrete,33.56,USD
5 in. x 53 ft. Stainless Steel Wire Mesh Roll for Garden House and DIY,NVNOO,roll,Framing,57.59,USD
59 in. x 99 ft. 20-Gauge Reinforced Hot-Dip Galvanized Wire Mesh Precision Welding Rust-Resistant Hexagonal Mesh,TITANKIT PRO,roll,Framing,102.4,USD
6 ft. x 100 ft. 12.5-Gauge Welded Wire Fence with Mesh 2 in. x 4 in.,Fencer Wire,roll,Framing,223.2,USD
3 ft. x 50 ft. 16-Gauge Welded Wire Fence with Mesh 2 in. x 3 in.,Fencer Wire,roll,Framing,44.34,USD
4 ft. x 75 ft. 300 sq. ft. Roll Fiberglass Lath 3.4 Metal Lath Alternative for Masonry Walls and Flooring,SpiderLath,roll,Concrete,279.0,USD
2 ft. x 100 ft. 14-Gauge Welded Wire Fence with Mesh 2 in. x 4 in.,Fencer Wire,roll,Framing,63.62,USD
48 in. x 100 ft. 19-Gauge Reinforced Hot-Dip Galvanized Precision Welding Mesh Fit Most Size Animal Cages,Silverpark,roll,Framing,187.39,USD
2/2.5 in. Plastic Rebar Mesh Chair (50-Pack),PROWORX,package,Concrete,20.98,USD
47.5 in. x 99 ft. 20-Gauge Reinforced Hot-Dip Galvanized Wire Mesh Precision Welding Rust-Resistant Hexagonal Mesh,TITANKIT PRO,roll,Framing,73.5,USD
0.5 ft. 16-Gauge Rebar Tie Wire 1000-Pack with 2 Ergonomic Tying Tools for Concrete and Masonry Reinforcement,xinyoec,package,Concrete,97.98,USD
9.5 in. x 150 ft. 4.5 oz. FiFlexMesh EIFS Fiberglass Mesh Self-Adhesive,BOEN,roll,Concrete,30.23,USD
Timberline Natural Shadow Charcoal Algae Resistant Architectural Shingles (33.33 sq. ft. per Bundle),GAF,bundle,Roofing,42.47,USD
Timberline HDZ Charcoal Algae Resistant Laminated High Definition Shingles (33.33 sq. ft. per Bundle),GAF,bundle,Roofing,44.47,USD
Timberline Natural Shadow Pewter Gray Algae Resistant Architectural Shingles (33.3 sq. ft. per Bundle),GAF,bundle,Roofing,42.47,USD
Timberline HDZ Shakewood Algae Resistant Laminated High Definition Shingles (33.33 sq. ft. per Bundle),GAF,bundle,Roofing,44.47,USD
Royal Sovereign Charcoal Algae Resistant 3-Tab Roofing Shingles (33.33 sq. ft. per. Bundle) (26-Pieces),GAF,bundle,Roofing,40.47,USD
Seal-A-Ridge Charcoal Hip and Ridge Cap Roofing Shingles (25 lin. ft. per Bundle),GAF,bundle,Roofing,59.97,USD
Timberline HDZ Weathered Wood Algae Resistant Laminated High Definition Shingles (33.33 sq. ft. per Bundle),GAF,bundle,Roofing,44.47,USD
Timberline HDZ Slate Algae Resistant Laminated High Definition Shingles (33.33 sq. ft. per Bundle),GAF,bundle,Roofing,44.47,USD
Timberline HDZ Hickory Algae Resistant Laminated High Definition Shingles (33.33 sq. ft. per Bundle),GAF,bundle,Roofing,44.47,USD
Timberline HDZ Barkwood Algae Resistant Laminated High Definition Shingles (33.33 sq. ft. per Bundle),GAF,bundle,Roofing,44.47,USD
Timberline HDZ Pewter Gray Algae Resistant Laminated High Definition Shingles (33.33 sq. ft. per Bundle),GAF,bundle,Roofing,44.47,USD
Timberline Natural Shadow Barkwood Laminated Architectural Shingles (33.3 sq. ft. per Bundle) (21-pieces),GAF,bundle,Roofing,N/A,USD
Seal-A-Ridge Weathered Wood Hip and Ridge Cap Roofing Shingles (25 lin. ft. per Bundle),GAF,bundle,Roofing,59.97,USD
Pro-Start 120 lin. ft. Eave and Rake Roofing Starter Strip Shingles,GAF,bundle,Roofing,54.97,USD
IKO Cambridge Asphalt Architectural Shingles - 30 Year Warranty Dual Gray (3 BD/SQ),IKO,bundle,Roofing,N/A,USD
Titan XT Thunderstorm Grey Premium Architectural Shingles (Avg. 32.8 sq. ft. Per Bundle),Tamko,bundle,Roofing,37.97,USD
QuickStart 33 lin. ft. Peel and Stick Roofing Starter Shingle Roll,GAF,roll,Roofing,30.97,USD
Titan XT Glacier White Premium Architectural Shingles (Avg. 32.8 sq. ft. Per Bundle),Tamko,bundle,Roofing,0.98,USD
Camelot II Antique Slate Designer Laminated Architectural Shingles (25 sq. ft. per Bundle) (14-pieces),GAF,bundle,Roofing,51.25,USD
Pinnacle Scotchgard HP42 Asphalt Architectural Shingles - Pristine Pearl 618H013 (3 BD/SQ),Atlas,bundle,Roofing,N/A,USD
IKO Cambridge Asphalt Architectural Shingles - 30 Year Warranty Dual Black (3 BD/SQ),IKO,bundle,Roofing,N/A,USD
Timberline UHDZ Weathered Wood Algae Resistant Laminated High Definition Shingles (33.33 sq. ft. per Bundle) (21-Pieces),GAF,bundle,Roofing,74.54,USD
Roofing Combo: Shingles, StormGuard, Pro-Start, FeltBuster, GAF,package,Roofing,395.41,USD
WeatherBlocker 50 lin. ft. Premium Eave and Rake Roofing Starter Strip Shingles,GAF,box,Roofing,66.51,USD
3 in. x 10 ft. White Vinyl Drip Edge Flashing,Amerimax Home Products,piece,Roofing,6.98,USD
F5M x 10 ft. White Aluminum Drip Edge Flashing,Amerimax Home Products,piece,Roofing,10.98,USD
C3 x 10 ft. Mill Finish Aluminum Drip Edge Flashing,Amerimax Home Products,piece,Roofing,4.98,USD
4-1/2 in. x 10 ft. Drip Edge Galv Green,Union Corrugating,piece,Roofing,8.48,USD
F5 x 10 ft. Heavy Duty Mill Finish Galvanized Steel Drip Edge Flashing,Amerimax Home Products,piece,Roofing,5.98,USD
F8 x 10 ft. Mill Finish Aluminum Drip Edge Flashing,Amerimax Home Products,piece,Roofing,11.68,USD
F8 - 6 in. x 1 in. x 10 ft. White Premium Aluminum Drip Edge Flashing Open-Face,Hemmed,Amerimax Home Products,piece,Roofing,14.38,USD
F8 x 10 ft. Mill Finish Galvanized Steel Drip Edge Flashing,Amerimax Home Products,piece,Roofing,7.98,USD
C6 x 10 ft. White Aluminum Drip Edge Flashing,Amerimax Home Products,piece,Roofing,23.0,USD
4.5 in. x 10 ft. Brown Drip Edge,Union Corrugating,piece,Roofing,8.98,USD
10 ft. 29-Gauge Galvalume EF3 Eave Flashing in White,Gibraltar Building Products,piece,Roofing,24.13,USD
1.25 in. x 10 ft. White Aluminum Z Bar Flashing,Amerimax Home Products,piece,Roofing,2.98,USD
4-1/2-INX10-FT DRIP EDGE GALV WHITE,Union Corrugating,piece,Roofing,8.48,USD
10 ft. 29-Gauge Galvalume GR2 Gable Rake Flashing,Gibraltar Building Products,piece,Roofing,34.98,USD
Shelterguard CE1 3 in. x 10.5 ft. Steel Trim Eave Flashing in Evergreen,N/A,piece,Roofing,32.0,USD
Shelterguard CE1 3 in. x 10.5 ft. Steel Trim Eave Flashing in Cocoa Brown,N/A,piece,Roofing,32.0,USD
Shelterguard AC1 4.375 in. x 10.5 ft. 6 in. Steel Corner Gable Flashing in Cocoa Brown,N/A,piece,Roofing,33.0,USD
Shelterguard AC1 4.375 in. x 10.5 ft. Steel Corner Gable Flashing in Evergreen,N/A,piece,Roofing,33.0,USD
F5M 2-3/8 in. x 1-1/2 in. x 10 ft. Brown Galvanized Steel Drip Edge Flashing,Amerimax Home Products,piece,Roofing,N/A,USD
Shelterguard CE1 3 in. x 10.5 ft. Steel Trim Eave Flashing in Brick Red,N/A,piece,Roofing,32.25,USD
C3 galvanized Drip Edge,Amerimax Home Products,piece,Roofing,N/A,USD
No-Calk 8-3/4 in. x 12-1/2 in. Galvanized Steel Drip Edge Vent Pipe Roof Flashing,Oatey,piece,Roofing,7.74,USD
No-Calk 10-3/4 in. x 14-1/2 in. Galvanized Steel Drip Edge Vent Pipe Roof Flashing with 2-1/2 in. Diameter,Oatey,piece,Roofing,10.26,USD
No-Calk 9-1/4 in x 13 in. Plastic Drip Edge Vent Pipe Roof Flashing with 1.25 in. - 1.5 in. Adjustable Diameter,Oatey,piece,Roofing,4.19,USD
FeltBuster 1000 sq. ft. Synthetic Roofing Underlayment Roll,GAF,roll,Roofing,107,USD
4 ft. x 250 ft. Synthetic Roofing Underlayment - Contractor Grade,Everbilt,roll,Roofing,74.98,USD
ProArmor 1001 sq. ft. Synthetic Roof Underlayment Roll,Owens Corning,roll,Roofing,139,USD
Synthetic Roofing Underlayment - Contractor Grade 400 sq. ft. (4 ft. x 100 ft.),Everbilt,roll,Roofing,34.98,USD
Tiger Paw 1000 sq. ft. Premium Synthetic Roofing Underlayment Roll,GAF,roll,Roofing,195.6,USD
StormGuard 200 sq. ft. Synthetic Patterned-Surface Peel and Stick Roof Leak Barrier Roll,GAF,roll,Roofing,129,USD
216 sq. ft. Felt Roof Underlayment,N/A,roll,Roofing,35.98,USD
Synthetic Roofing Runner 10 sq. ft. Roof Underlayment,CertainTeed,roll,Roofing,159.72,USD
4 ft. x 250 ft. Synthetic Roofing Underlayment - Premium Grade,Everbilt,roll,Roofing,129,USD
Grace Ice and Water Shield 36 in. x 75 ft. Roll Self-Adhered Roofing Underlayment (225 sq. ft.),GCP Applied Technologies,roll,Roofing,199,USD
EXO25 1000 sq. ft. Synthetic Roofing Underlayment Roll,Stinger,roll,Roofing,115.53,USD
Deck Defense 42 in. x 143 ft. Waterproof Synthetic Roof Underlayment Roll, Class-A Fire Rated (500 sq. ft. 5 SQ Roll),Owens Corning,roll,Roofing,99,USD
36 in. x 67 ft. (201 sq. ft.) High Temperature Self-Adhering Synthetic Roofing Underlayment,Grip-Rite,roll,Roofing,154.95,USD
Deck-Armor 1000 sq. ft Premium Breathable Synthetic Roofing Underlayment Roll,GAF,roll,Roofing,349,USD
EXO25 Fit 500 sq. ft. 24 in. Wide Synthetic Roofing Underlayment Roll,Stinger,roll,Roofing,47.1,USD
WeatherWatch 36 in. x 50 ft., 150 sq. ft. Mineral-Surfaced Peel and Stick Roof Leak Barrier Roll,GAF,roll,Roofing,89.97,USD
42 in. x 286 ft. Tyvek Roof Protector Underlayment,DuPont,roll,Roofing,108,USD
20 synthetic underlayment 1000 sq. ft. 4 ft. x 250 ft.,N/A,roll,Roofing,89.98,USD
Grace Select 36 in. x 65 ft. Roll Self Adhered Roofing Underlayment (195 sq. ft.),GCP Applied Technologies,roll,Roofing,123.82,USD
EXO35 1000 sq. ft. Synthetic Roofing Underlayment Roll,Stinger,roll,Roofing,139.12,USD
WeatherWatch 200 sq. ft. Mineral-Surfaced Peel and Stick Roof Leak Barrier Roll,GAF,roll,Roofing,119,USD
EXO50 1000 sq. ft. Premium Synthetic Roofing Underlayment Roll,Stinger,roll,Roofing,176.88,USD
Shingle-Mate 432 sq. ft. Fiberglass-Reinforced Roofing Underlayment Roll,GAF,roll,Roofing,97.46,USD
Pro Synthetic Underlayment 1000 sq. ft. 4 ft. x 250 ft.,N/A,roll,Roofing,82.94,USD
"1/2 in. x 4 ft. x 8 ft. TE Lite-Weight Gypsum Board",ToughRock,sheet,Interior,18.98,USD
"1/2 in. x 23-5/8 in. x 23-5/8 in. Patch and Repair Drywall",USG Sheetrock Brand,sheet,Interior,7.98,USD
"1/2 in. x 4 ft. x 8 ft. Mold and Moisture-Resistant Gypsum Board",ToughRock,sheet,Interior,21.98,USD
"5/8 in. x 4 ft. x 8 ft. Firecode X Drywall",USG Sheetrock Brand,sheet,Interior,22.48,USD
"1/2 in. x 4 ft. x 10 ft. TE Lite-Weight Gypsum Board",ToughRock,sheet,Interior,23.73,USD
"1/2 in. Corner-Back Drywall Back-up Clips (50-Pack)",N/A,pack,Interior,36.79,USD
"Professional Drywall Repair 1/2 Inch Stainless Steel Drywall Repair Clips with 24 Screws 12-Pack",Laybus,pack,Interior,54.98,USD
"1/2 in. Insta-Back Drywall Repair Clips (50-Pack)",N/A,pack,Interior,36.85,USD
"1/4 in. x 4 ft. x 8 ft. Drywall",USG Sheetrock Brand,sheet,Interior,19.76,USD
"0.5 in. x 1/2 ft. x 0.5 ft. Drywall Patching Panel for Wall Repair (4-Pack), Made of Plasterboard, Easy to Use",Laybus,pack,Interior,65.25,USD
"1/2 in. x 4.5 ft. x 12 ft. UltraLight Imperial Gypsum Base",USG Sheetrock Brand,sheet,Interior,N/A,USD
"2-1/16 in. x 250 ft. Paper Drywall Joint Tape",USG Sheetrock Brand,roll,Interior,4.57,USD
"1/2 in. x 4 ft. x 12 ft. TE Lite-Weight Gypsum Board",ToughRock,sheet,Interior,28.47,USD
"#8 x 2 1/2 in. Phillips Bugle head Drywall Screws (5 lb. box)",Grabber,box,Interior,35.97,USD
"Pro Grade Precision 4 1/2 in. x 2 1/2 in. x 1 in. 120 Grit Fine Single Angled Drywall Sanding Sponge (2-Pack)",N/A,pack,Interior,10.8,USD
"0.5 in. x 12 in. x 12 in. Plasterboard Drywall Patching Panel with Easy to Install and Strong Plasterboard, 2-Pack",Laybus,pack,Interior,68.98,USD
"32-Pack Stainless Steel Drywall Repair Clips, 1/2 in. Drywall Fastener Clip with 64 Screws, Wall Patch Clips",xinyoec,pack,Interior,77.98,USD
"Stainless Steel Drywall Repair Clips, Drywall Fastner Clips with 120 Screws for 1/2 in. and 5/8 in. Panels (60-Pack)",xinyoec,pack,Interior,116.41,USD
"1/2 in. x 8 ft. Vinyl J Trim Drywall Corner Bead Trim",Phillips Manufacturing Company,piece,Interior,61.64,USD
"0.5 in. x 1 ft. x 1 ft. Drywall Repair Panel Drywall for Mend Wall (2-Pack)",NVNOO,pack,Interior,52.98,USD
"0.5 in. x 1 ft. x 1 ft. Drywall Patching Panel for Wall Repair (4-Pack), Made of Plasterboard, Easy to Use",Laybus,pack,Interior,92.99,USD
"1/2 in. x 1 ft. x 1 ft. Green Drywall Patching Panel, Drywall Repair Panel for Mend Wall (2-Pack)",xinyoec,pack,Interior,71.08,USD
"4-Piece 1/2 in. x 1 ft. x 1 ft. Drywall Patching Panel, Drywall Repair Panel for Wall Repair",xinyoec,pack,Interior,97.75,USD
"1/2 in. x 0.7 ft. x 3.6 ft. 6 Variable Speed Electric Drywall Sander with Vacuum Dust Collection, 1900RPM Sander Tool",maocao hoom,each,Interior,257.07,USD
"4.5 gal. All Purpose Ready-Mixed Joint Compound","USG Sheetrock Brand",pail,Interior,25.48,USD
"18 lb. Easy Sand 5 Lightweight Setting-Type Joint Compound","USG Sheetrock Brand",bag,Interior,14.75,USD
"Easy Sand 5, 3 lb. Setting-Type Joint Compound for Interior and Exterior Ceiling Boards","USG Sheetrock Brand",bag,Interior,9.43,USD
"4.5 gal. Plus 3 Ready-Mixed Joint Compound","USG Sheetrock Brand",pail,Interior,25.48,USD
"4.5 gal. UltraLightweight Ready-Mixed Joint Compound","USG Sheetrock Brand",pail,Interior,25.48,USD
"DryDex 32 oz. Premium Lightweight Low Dust Joint Compound",DAP,tub,Interior,6.98,USD
"3.5 qt. All Purpose Ready-Mixed Joint Compound","USG Sheetrock Brand",tub,Interior,11.75,USD
"4.5 gal. Midweight Ready-Mixed Joint Compound","USG Sheetrock Brand",pail,Interior,25.48,USD
"3.5 qt. Dust Control Ready-Mixed Joint Compound","USG Sheetrock Brand",tub,Interior,12.45,USD
"1.75 pt. All Purpose Ready-Mixed Joint Compound","USG Sheetrock Brand",tub,Interior,6.35,USD
"3.5 gal. Dust Control Ready-Mixed Joint Compound","USG Sheetrock Brand",pail,Interior,25.48,USD
"18 lb. Easy Sand 20 Lightweight Setting-Type Joint Compound","USG Sheetrock Brand",bag,Interior,14.75,USD
"18 lb. Easy Sand 45 Lightweight Setting-Type Joint Compound","USG Sheetrock Brand",bag,Interior,14.75,USD
"1 qt. PatchPro Premixed Patching Compound",DRICORE,tub,Interior,20.02,USD
"25 lb. Durabond 90 Setting-Type Joint Compound","USG Sheetrock Brand",bag,Interior,17.28,USD
"18 lb. Easy Sand 90 Lightweight Setting-Type Joint Compound","USG Sheetrock Brand",bag,Interior,14.75,USD
"25 lbs. One Pass Wall Repair and Powder Joint Compound","Rapid Set",bag,Interior,19.97,USD
"R-15 Faced Fiberglass Insulation Batt 15 in. x 93 in. (1 Bags)",Owens Corning,bag,Interior,62.27,USD
"R-15 Kraft Faced Fiberglass Insulation Batt 15 in. W x 93 in. L",Johns Manville,batt,Interior,N/A,USD
"R- 15 Faced Fiberglass Insulation Roll 15 in. x 24 ft. (1 Roll)",Owens Corning,roll,Interior,37.3,USD
"15 in. x 47 in. R15 Thermafiber Fire and Sound Guard Plus Mineral Wool Insulation Batt",Owens Corning,batt,Interior,71.87,USD
"R15 Kraft Faced 15 in. x 93 in. Precut Fiberglass Insulation Batts for 2x4 Wall - Sound-Reducing and USA Made (1-Bag)",Knauf Insulation,bag,Interior,71.27,USD
"R-15 Unfaced Fiberglass Insulation Batt 15 in. x 93 in. (1 Bag)",Owens Corning,bag,Interior,83.47,USD
"R- 13 Faced Fiberglass Insulation Roll 15 in. x 32 ft. (1 Roll)",Owens Corning,roll,Interior,27.97,USD
"R-15 Comfortbatt 3-1/2 in. x 15 in. x 47 in. Fire Resistant Stone Wool Insulation Batt (59.7 sq. ft.)",ROCKWOOL,batt,Interior,79.98,USD
"R-15 Kraft Faced Fiberglass Insulation Batt 15 in. x 93 in. (10-Bags)",Owens Corning,bag,Interior,643.39,USD
"R-21 Faced Fiberglass Insulation Batt 15 in. x 93 in. (1 Bag)",Owens Corning,bag,Interior,86.57,USD
"R13 Kraft Faced 15 in. x 32 ft. Fiberglass Insulation Roll for 2x4 Wall - Sound-Reducing and Made in America (1-Roll)",Knauf Insulation,roll,Interior,27.97,USD
"R- 19 Faced Fiberglass Insulation Roll 15 in. x 39.2 ft. (1 Roll)",Owens Corning,roll,Interior,50.57,USD
"R19 Kraft Faced 15 in. x 39.2 ft. Fiberglass Insulation Roll for Floor, 2x6 Wall - Sound-Reducing, USA Made (1-Roll)",Knauf Insulation,roll,Interior,37.25,USD
"R-13 Kraft Faced Fiberglass Insulation Roll 15 in. W x 32 ft. L",Johns Manville,roll,Interior,N/A,USD
"R15 Kraft Faced 15 in. x 93 in. Precut Fiberglass Insulation Batts for 2x4 Wall - Sound-Reducing and USA Made (15-Bags)",Knauf Insulation,bag,Interior,1314,USD
"R-13 Kraft Faced Fiberglass Insulation Batt 15 in. W x 93 in. L",Johns Manville,batt,Interior,N/A,USD
"R13 Kraft Faced 15 in. x 93 in. Precut Fiberglass Insulation Batts for 2x4 Wall - Sound-Reducing and USA Made (1-Bag)",Knauf Insulation,bag,Interior,92.67,USD
"R-15 Unfaced Fiberglass Insulation Batt 15 in. x 93 in. (10-Bags)",Owens Corning,bag,Interior,873.46,USD
"R-15 Unfaced Fiberglass Insulation Batt 15 in. x 93 in.",N/A,batt,Interior,107,USD
"R-13 Kraft Faced Fiberglass Insulation Batt 15 in. x 93 in.",Owens Corning,batt,Interior,84.97,USD
"R- 30 Unfaced Fiberglass Insulation Roll 15 in. x 25 ft. (1 Roll)",Owens Corning,roll,Interior,48.87,USD
"R30 Unfaced 15 in. x 22 ft. Fiberglass Insulation Roll for Floor, Attic - Class A Fire-Rated and Made in USA (1-Roll)",Knauf Insulation,roll,Interior,30.99,USD
"R15 Kraft Faced 15 in. x 18 ft. Fiberglass Insulation Rolls for 2x4 Wall - Sound-Reducing and Made in USA (27-Rolls)",Knauf Insulation,roll,Interior,746.21,USD
"R-13 Kraft Faced Fiberglass Insulation Fiberglass Insulation Batt 15 in. x 93 in. (10-Bags)",Owens Corning,bag,Interior,838,USD
"5523 7/16 in. x 3 1/4 in. x 96 in. Colonial Finished PVC White Baseboard Moulding (1-Piece − 8 Total Linear Feet)",Royal Mouldings,piece,Interior,14.96,USD
"Pro Pack L163E 9/16 in. x 5-1/4 in. x 192 in. Primed Pine Baseboard Moulding (5-Pack − 80 Total Linear Feet)",Alexandria Moulding,pack,Interior,128,USD
"623 9/16 in. x 3 1/4 in. x 96 in. Primed Finger Jointed Baseboard Moulding (1-Piece − 8 Total Linear Feet)",Woodgrain Millwork,piece,Interior,13.24,USD
"12 ft. x 3-1/4 in. x 9/16 in. Vinyl Colonial Base Molding",Royal Mouldings,piece,Interior,19.98,USD
"Colonial 7527 9/16 in. D x 3 1/4 in. W x 96 in. L Primed PVC Baseboard Moulding",Royal Mouldings,piece,Interior,13.38,USD
"Pro Pack 1/2 in. x 5-1/2 in. x 144 in. Primed Pine Baseboard Moulding (4-Pack − 48 Total Linear Feet)",Alexandria Moulding,pack,Interior,118,USD
"1/2 in. x 4 1/4 in. x 96 in. Primed MDF Baseboard Moulding (1-Piece − 8 Total Linear Feet)",HOUSE OF FARA,piece,Interior,19.98,USD
"5/8 in. x 4 in. x 96 in. Primed MDF Baseboard Moulding (1-Piece − 8 Total Linear Feet)",HOUSE OF FARA,piece,Interior,16.28,USD
"Pro Pack 163 0.5625 in. x 5-1/4 in. x 96 in. Primed Finger Jointed Baseboard Moulding (6-Pack − 48 Total Linear Feet)",N/A,package,Interior,108,USD
"1866 9/16 in. x 5 1/4 in. x 96 in. Primed MDF Baseboard Moulding (1-Piece − 8 Total Linear Feet)",Woodgrain Millwork,piece,Interior,19.68,USD
"WM623 1/2 in x 3-1/4 in. MDF Baseboard Molding",FINISHED ELEGANCE,linear foot,Interior,2.58,USD
"WM 126 1/2 in. x 3/4 in. Primed Finger-Jointed Pine Wood Baseboard Shoe Molding",Alexandria Moulding,linear foot,Interior,0.77,USD
"620 9/16 in. x 4-1/4 in. x 96 in. Primed Pine Finger-Jointed Baseboard Moulding (1-Piece − 8 Total Linear Feet)",Woodgrain Millwork,piece,Interior,18.46,USD
"Pro Pack 356 11/16 in. x 2 1/4 in. x 84 in. Primed Finger Jointed Casing (5-Pack − 35 Total Linear Feet)",Woodgrain Millwork,pack,Interior,41.6,USD
"White 0.62 in. T x 3.3 in. W x 94.5 in. L Base Molding",PERFORMANCE ACCESSORIES,piece,Interior,19.98,USD
"5093 3/4 in. x 3/4 in. x 96 in. Finished PVC White Inside Corner Moulding (1-Piece − 8 Total Linear Feet)",Royal Mouldings,piece,Interior,6.34,USD
"11/16 in. x 5-1/2 in. x 96 in. Primed MDF Craftsman Baseboard Moulding (1-Piece − 8 Total Linear Feet)",Woodgrain Millwork,piece,Interior,20.98,USD
"5/8 in. x 3-1/2 in. x 171 in. Primed Finger-Jointed Pine Wood Casing Molding Pro-Pack (6-Pack)",Alexandria Moulding,pack,Interior,136,USD
"12 ft. x 4 in. x 1 in. Vinyl Trim Plank Molding",Royal Mouldings,piece,Interior,29.98,USD
"5523 1/2 in. x 2 40/93 in. x 96 in. Finished PVC Composite White Baseboard Moulding (1-Piece − 8 Total Linear Feet)",Royal Mouldings,piece,Interior,11.18,USD
"LWM 662 1/2 in. x 3-1/2 in. MDF Primed Fiberboard Baseboard Molding",Alexandria Moulding,linear foot,Interior,1.64,USD
"RMB 623 9/16 in. D x 3-1/4 in. W x 96 in. L Primed Finger-Joined Pine Baseboard Molding 1-Piece 8 ft. Total",RESO,piece,Interior,10,USD
"LWM 163E 5/8 in x 5-1/4 in. Primed Fiberboard Baseboard Molding",Alexandria Moulding,linear foot,Interior,2.67,USD
"713 9/16 in. x 3 1/4 in. x 96 in. Primed Finger Jointed Baseboard Moulding (1-Piece − 8 Total Linear Feet)",Woodgrain Millwork,piece,Interior,15.33,USD
"5523 7/16 in. x 3 1/4 in. x 96 in. Colonial Finished PVC White Baseboard Moulding (1-Piece − 8 Total Linear Feet)",Royal Mouldings,piece,Interior,14.96,USD
"Pro Pack L163E 9/16 in. x 5-1/4 in. x 192 in. Primed Pine Baseboard Moulding (5-Pack − 80 Total Linear Feet)",Alexandria Moulding,pack,Interior,128,USD
"623 9/16 in. x 3 1/4 in. x 96 in. Primed Finger Jointed Baseboard Moulding (1-Piece − 8 Total Linear Feet)",Woodgrain Millwork,piece,Interior,13.24,USD
"12 ft. x 3-1/4 in. x 9/16 in. Vinyl Colonial Base Molding",Royal Mouldings,piece,Interior,19.98,USD
"Colonial 7527 9/16 in. D x 3 1/4 in. W x 96 in. L Primed PVC Baseboard Moulding",Royal Mouldings,piece,Interior,13.38,USD
"Pro Pack 1/2 in. x 5-1/2 in. x 144 in. Primed Pine Baseboard Moulding (4-Pack − 48 Total Linear Feet)",Alexandria Moulding,pack,Interior,118,USD
"1/2 in. x 4 1/4 in. x 96 in. Primed MDF Baseboard Moulding (1-Piece − 8 Total Linear Feet)",HOUSE OF FARA,piece,Interior,19.98,USD
"5/8 in. x 4 in. x 96 in. Primed MDF Baseboard Moulding (1-Piece − 8 Total Linear Feet)",HOUSE OF FARA,piece,Interior,16.28,USD
"Pro Pack 163 0.5625 in. x 5-1/4 in. x 96 in. Primed Finger Jointed Baseboard Moulding (6-Pack − 48 Total Linear Feet)",N/A,package,Interior,108,USD
"1866 9/16 in. x 5 1/4 in. x 96 in. Primed MDF Baseboard Moulding (1-Piece − 8 Total Linear Feet)",Woodgrain Millwork,piece,Interior,19.68,USD
"WM623 1/2 in x 3-1/4 in. MDF Baseboard Molding",FINISHED ELEGANCE,linear foot,Interior,2.58,USD
"WM 126 1/2 in. x 3/4 in. Primed Finger-Jointed Pine Wood Baseboard Shoe Molding",Alexandria Moulding,linear foot,Interior,0.77,USD
"620 9/16 in. x 4-1/4 in. x 96 in. Primed Pine Finger-Jointed Baseboard Moulding (1-Piece − 8 Total Linear Feet)",Woodgrain Millwork,piece,Interior,18.46,USD
"Pro Pack 356 11/16 in. x 2 1/4 in. x 84 in. Primed Finger Jointed Casing (5-Pack − 35 Total Linear Feet)",Woodgrain Millwork,pack,Interior,41.6,USD
"White 0.62 in. T x 3.3 in. W x 94.5 in. L Base Molding",PERFORMANCE ACCESSORIES,piece,Interior,19.98,USD
"5093 3/4 in. x 3/4 in. x 96 in. Finished PVC White Inside Corner Moulding (1-Piece − 8 Total Linear Feet)",Royal Mouldings,piece,Interior,6.34,USD
"11/16 in. x 5-1/2 in. x 96 in. Primed MDF Craftsman Baseboard Moulding (1-Piece − 8 Total Linear Feet)",Woodgrain Millwork,piece,Interior,20.98,USD
"5/8 in. x 3-1/2 in. x 171 in. Primed Finger-Jointed Pine Wood Casing Molding Pro-Pack (6-Pack)",Alexandria Moulding,pack,Interior,136,USD
"12 ft. x 4 in. x 1 in. Vinyl Trim Plank Molding",Royal Mouldings,piece,Interior,29.98,USD
"5523 1/2 in. x 2 40/93 in. x 96 in. Finished PVC Composite White Baseboard Moulding (1-Piece − 8 Total Linear Feet)",Royal Mouldings,piece,Interior,11.18,USD
"LWM 662 1/2 in. x 3-1/2 in. MDF Primed Fiberboard Baseboard Molding",Alexandria Moulding,linear foot,Interior,1.64,USD
"RMB 623 9/16 in. D x 3-1/4 in. W x 96 in. L Primed Finger-Joined Pine Baseboard Molding 1-Piece 8 ft. Total",RESO,piece,Interior,10,USD
"LWM 163E 5/8 in x 5-1/4 in. Primed Fiberboard Baseboard Molding",Alexandria Moulding,linear foot,Interior,2.67,USD
"713 9/16 in. x 3 1/4 in. x 96 in. Primed Finger Jointed Baseboard Moulding (1-Piece − 8 Total Linear Feet)",Woodgrain Millwork,piece,Interior,15.33,USD
"250 ft. 12/2 Solid Romex SIMpull CU NM-B W/G Wire",Southwire,roll,Electrical,164,USD
"250 ft. 12/2/2 Solid Romex SIMpull CU NM-B W/G Wire",Southwire,roll,Electrical,349,USD
"250 ft. 12/2 Gray Solid CU UF-B W/G Wire",Southwire,roll,Electrical,197,USD
"12/2 x 250 ft. Stranded CU MC (Metal Clad) Armorlite Cable",Southwire,roll,Electrical,348.52,USD
"100 ft. 12/2 Solid Romex SIMpull CU NM-B W/G Wire",Southwire,roll,Electrical,109,USD
"250 ft. 12 / 2 Solid Copper MC-PCS Aluminum Armored Cable",Cerrowire,roll,Electrical,423.95,USD
"250 ft. 12/2 Black Stranded CU Low-Voltage Landscape Lighting Wire",Southwire,roll,Electrical,119.77,USD
"1000 ft. 12/2 Solid Romex SIMpull CU NM-B W/G Wire",Southwire,roll,Electrical,599,USD
"600-Volt 250 ft. 12/2 Duraclad Type BX/AC SA Lightweight Steel Armored Cable",Southwire,roll,Electrical,223,USD
"250 ft. 12/2 Red FPLP/CL3P Plenum Rated Copper Fire Alarm Wire for Smoke Detectors, Burglar, Security, UV Resistant, UL",Syston Cable Technology,roll,Electrical,143.55,USD
"12/2 x 250 ft. Solid MC Lite Cable",AFC Cable Systems,roll,Electrical,259,USD
"250 ft. 14/2 Romex SIMpull Solid NM-B W/G Wire",Southwire,roll,Electrical,114,USD
"250 FT. Black 12/2 Stranded Bare Copper Low-Voltage Landscape Lighting Wire",Syston Cable Technology,roll,Electrical,165.6,USD
"250 ft. 12/2 Solid Copper MC (Metal Clad) Aluminum Armor Cable",Cerrowire,roll,Electrical,232.2,USD
"250 ft. 12/2 Orange/Gray Conductor Solid Aluminum HCF MC Wire Cable",Southwire,roll,Electrical,286.2,USD
"250 ft. 12/2 Yellow/Gray Conductor Solid Aluminum HCF MC Wire Cable",Southwire,roll,Electrical,273.65,USD
"250 ft. 12/2 Stranded Landscape Lighting Wire 12 Gauge Oxygen-Free Copper Cable Outdoor Direct Burial Electrical Wire",Vrbgify,roll,Electrical,194.92,USD
"250 ft. 12/2 Brown/Gray Conductor Solid Aluminum HCF MC Wire Cable",Southwire,roll,Electrical,284.97,USD
"12/2 Landscape Lighting Wire 250 ft. 12 AWG 2 Conductor Stranded Solid Grounded Direct Burial Wire",Vrbgify,roll,Electrical,250.23,USD
"250 ft. 12/2 Red/White Conductors Stranded Aluminum HCF MC Wire Cable",Southwire,roll,Electrical,317.94,USD
"250 ft. 10/2 Solid Romex SIMpull CU NM-B W/G Wire",Southwire,roll,Electrical,308,USD
"50 ft. 12/2 Solid Romex SIMpull CU NM-B W/G Wire",Southwire,roll,Electrical,69,USD
"250 ft. 14/2/2 Solid Romex SIMpull CU NM-B W/G Wire",Southwire,roll,Electrical,292.48,USD
"20 Amp Single-Pole Type QP Circuit Breaker",Siemens,each,Electrical,7.71,USD
"Homeline 20 Amp Single-Pole Circuit Breaker(HOM120CP)",Square D,each,Electrical,6.98,USD
"BR 20 Amp 120/240 Volts Single Pole Circuit Breaker",Eaton,each,Electrical,8.21,USD
"Q-Line 20 Amp 1 in. Double-Pole Circuit Breaker (THQP220)",GE,each,Electrical,18.85,USD
"Homeline 2-20 Amp Single-Pole Tandem Circuit Breaker",Square D,each,Electrical,16.93,USD
"Q-Line 20 Amp 1 in. Single-Pole Circuit Breaker",GE,each,Electrical,10.29,USD
"20 Amp Double-Pole Type QP Circuit Breaker",Siemens,each,Electrical,18.6,USD
"20 Amp 1 in. Single Pole Circuit Breaker (THQL1120A)",ABB,each,Electrical,8.21,USD
"20 Amp Tandem Single Pole Type QT Circuit Breaker",Siemens,each,Electrical,18.26,USD
"BD 2-20 Amp Single Pole Tandem CTL Circuit Breaker",Eaton,each,Electrical,15.45,USD
"Q-Line 20 Amp 1/2 in. 1-Pole Circuit Breaker (THQP120)",GE,each,Electrical,7.98,USD
"20 Amp AFCI/GFCI Dual Function Circuit Breaker",Siemens,each,Electrical,77.38,USD
"Homeline 20 Amp 2-Pole Circuit Breaker(HOM220CP)",Square D,each,Electrical,17.47,USD
"QO 20 Amp Single-Pole Circuit Breaker(QO120CP)",Square D,each,Electrical,16.98,USD
"Q-Line 20 Amp 2 in. Double-Pole Circuit Breaker",GE,each,Electrical,15.28,USD
"Homeline 15 Amp 20 Amp Single-Pole Tandem Circuit Breaker",Square D,each,Electrical,15.65,USD
"2-20 Amp Single-Pole Tandem 120-Volt/240-Volt Circuit Breaker (THQLT2020A)",ABB,each,Electrical,14.85,USD
"Homeline 20 Amp Single-Pole Plug-On Neutral Dual Function (CAFCI and GFCI) Circuit Breaker",Square D,each,Electrical,63.55,USD
"Homeline 20 Amp Single-Pole GFCI Circuit Breaker",Square D,each,Electrical,56.33,USD
"CH 20 Amp 240 Volts 1-Pole Circuit Breaker with Trip Flag",Eaton,each,Electrical,14.68,USD
"Homeline 20 Amp Single-Pole Dual Function (CAFCI and GFCI) Circuit Breaker",Square D,each,Electrical,63.38,USD
"(2) 20 Amp Tandem Single Pole Type QT NCL-Circuit Breaker",Siemens,pack,Electrical,42,USD
"QO 20 Amp Single-Pole Dual Function (CAFCI and GFCI) Circuit Breaker",Square D,each,Electrical,77,USD
"20 Amp 1-Pole Type QPF2 GFCI Circuit Breaker",Siemens,each,Electrical,58.64,USD
"4 in. 30.3 cu. in. Metallic Square Box (521711234EW-25R)",Steel City,each,Electrical,3.98,USD
"4 in. Metallic Blank Square Electrical Box Cover (52C1-50R)",Steel City,each,Electrical,1.27,USD
"4 in. W x 2-1/8 in. D Steel Metallic 2-Square Box with Eight 1/2 in. Ko, Two 3/4 in. Ko, 6 Cko, 1-Pack",Southwire,each,Electrical,4.04,USD
"1-Gang 4 in. New Work Metal Electrical Wall Box with Ground Bump (521511234GB-50R)",Steel City,each,Electrical,2.67,USD
"4 in. x 1-1/2 in. D 2-Gang Square Steel Electrical Box (5215112-50R)",N/A,each,Electrical,2.78,USD
"4 in. W x 1-1/2 in. D Steel Metallic Square Box with Ten 1/2 in. KO's, Two 3/4 In. KO's and Four CKO's (50-Pack)",Southwire,carton,Electrical,65.9,USD
"1-Gang 4 in. 30.3 cu. in. Metal Square Electrical Box (521711-25R)",Steel City,each,Electrical,7.54,USD
"4 in. W x 1-1/2 in. D Steel Metallic Square Box with Ten 1/2 in. KO's, Two 3/4 In. KO's and Four CKO's (1-Pack)",Southwire,each,Electrical,2.7,USD
"4 in. W x 2-1/8 in. D Steel Metallic 2-Square Box with Nine 1/2 in. KO's, 5 CKO's and F Bracket 1-pack",Southwire,each,Electrical,6.62,USD
"4 in. W x 1-1/2 in. D Steel Metallic Drawn Square Box with Nine 1/2 in. KO's and 8 CKO's (1-Pack)",Southwire,each,Electrical,2.63,USD
"4 in. Steel Square Box with SV Bracket (52151V1234-25R)",N/A,each,Electrical,2.14,USD
"4 in. W x 2-1/8 in. D Steel Metallic Square Box with Eight 1 in. KO's, Two 1/2 in. KO's, Two 3/4 in. KO's 1-Pack",Southwire,each,Electrical,6.51,USD
"1-Gang 4 in. Square Metal Electrical Box Mud Ring (52C16-25R)",Steel City,each,Electrical,1.98,USD
"4 in. Square Metal Box with Bracket (52151CV1234-25R)",N/A,each,Electrical,2.68,USD
"4 in. 42 cu. in. 2-1/8 in. Deep Square Box (72171341-20R)",N/A,each,Electrical,8.62,USD
"Red 4 in. Metallic Blank Square Electrical Box Cover (52 C 1RD)",Steel City,each,Electrical,4.49,USD
"4 in. W x 2-1/8 in. D Steel Metallic 2-Gang Square Switch Box, Six 1/2 in. KO's, Two 3/4 KO's and Four CKO's",Southwire,each,Electrical,9.93,USD
"4 in. Steel Metallic, Square Box Cover, 2 Duplex, 1/2 in. Raised (1-Pack)",Southwire,each,Electrical,3.86,USD
"4 in. Metallic Square Box with CV Bracket (52171CV1234-25R)",Steel City,each,Electrical,6.7,USD
"4 in. Pre-Galvanized Steel Square Electrical Box Surface Cover (RS14-10R)",N/A,each,Electrical,3.65,USD
"4 in. W x 2-1/8 in. D Steel Metallic Square Box with Three 1/2 in. KO's, One CKO, MC/BX Clamps and F Bracket",Southwire,each,Electrical,9.47,USD
"4 in. Square Metal 1-Gang Electrical Box Mud Ring (52C36-10R)",Steel City,each,Electrical,1.46,USD
"4 in. W x 1-1/2 in. D Steel Metallic Square Box with Nine 1/2 in. KO's, 5 CKO's and F Bracket (1-Pack)",Southwire,each,Electrical,2.64,USD
"4 in. Steel Metallic Square Box Cover Duplex (1-Pack)",Southwire,each,Electrical,3.75,USD
"1/2 in. x 10 ft. Electric Metallic Tube (EMT) Conduit",N/A,each,Electrical,5.41,USD
"1/2 in. x 10 ft. Electrical Metallic Tubing (EMT) Conduit",Wheatland Tube,each,Electrical,5.41,USD
"1/2 in. x 10 ft. Electrical Metallic Tubing (EMT) Conduit",N/A,each,Electrical,5.41,USD
"1/2 in. x 5 ft. Conduit Electrical Metallic Tubing - Steel",Wheatland Tube,each,Electrical,5.73,USD
"1/2 in. Electrical Metallic Tube (EMT) Set-Screw Connectors (5-Pack)",Halex,pack,Electrical,4.11,USD
"1/2 in. Standard Fitting Electrical Metallic Tube (EMT) 1-Hole Straps (25-Pack)",Halex,pack,Electrical,6.41,USD
"1/2 in. x 10 ft. Electrical Metallic Tubing (EMT) Conduit",N/A,each,Electrical,5.41,USD
"1/2 in. 90-Degree Electric Metallic Tube (EMT) Elbow",Halex,each,Electrical,4.86,USD
"1/2 in. x 5 ft. Electric Metallic Tube (EMT) Conduit",N/A,each,Electrical,5.73,USD
"1/2 in. x 5 ft. Electric Metallic Tube (EMT) Conduit",N/A,each,Electrical,5.73,USD
"1/2 in. x 10 ft. Electric Metallic Tube (EMT) Conduit",N/A,each,Electrical,5.41,USD
"1/2 in. Electrical Metallic Tube (EMT) Type LB Set-Screw Conduit Body",N/A,each,Electrical,7.25,USD
"1/2 in. x 5 ft. Electric Metallic Tube (EMT) Conduit",N/A,each,Electrical,5.73,USD
"1/2 in. Standard Fitting Electric Metallic Tube (EMT) Set-Screw Coupling (5-Pack)",N/A,pack,Electrical,2.86,USD
"1/2 in. x 5 ft. Electric Metallic Tube (EMT) Conduit",N/A,each,Electrical,5.73,USD
"1/2 in. Electrical Metallic Tube (EMT) Rain Tight Connector (5-Pack)",N/A,pack,Electrical,6.98,USD
"1/2 in. x 10 ft. Electric Metallic Tube (EMT) Conduit",N/A,each,Electrical,5.41,USD
"1/2 in. Electrical Metallic Tube Inside Corner Pull Elbow",Halex,each,Electrical,8.44,USD
"1/2 in. Electrical Metallic Tube (EMT) Rain Tight Coupling (5-Pack)",Halex,pack,Electrical,6.2,USD
"1/2 in. EMT/Rigid Pull Elbow",Halex,each,Electrical,4.88,USD
"1/2 in. Electrical Metallic Tube (EMT) EMT-to-Box Offset Set-Screw Connector",Halex,each,Electrical,3.22,USD
"1/2 in. Rigid Type C Conduit Body with Cover and Gasket",Halex,each,Electrical,7.26,USD
"1/2 in. Electrical Metallic Tube (EMT) Set-Screw Connectors with Insulated Throats (3-Pack)",Halex,pack,Electrical,2.85,USD
"1/2 in. Rigid Standard Fitting Type-LB Threaded Aluminum Conduit Body",Halex,each,Electrical,5.85,USD
"1/2 in. x 100 ft. White PEX-B Pipe",Apollo,roll,Plumbing,33.3,USD
"1/2 in. x 100 ft. Blue PEX-B Pipe",Apollo,roll,Plumbing,33.3,USD
"1/2 in. x 10 ft. Blue PEX-B Pipe",Apollo,each,Plumbing,4.73,USD
"1/2 in. x 100 ft. Red PEX-B Pipe",Apollo,roll,Plumbing,33.3,USD
"1/2 in. x 10 ft. Red PEX-B Pipe",Apollo,each,Plumbing,4.73,USD
"1/2 in. PEX Pipe J-Hook Pipe Support (10-Pack)",Apollo,pack,Plumbing,3.68,USD
"1/2 in. Stainless Steel PEX-B Barb Pinch Clamp (10-Pack)",Apollo,pack,Plumbing,7.38,USD
"1/2 in. x 10 ft. White PEX-B Pipe",Apollo,each,Plumbing,4.73,USD
"1/2 in. x 2 ft. White PEX-B Pipe",Apollo,each,Plumbing,3.52,USD
"1/2 in. Brass PEX-B Barb Tee",Apollo,each,Plumbing,4.31,USD
"1/2 in. Brass PEX-B Barb x 1/2 in. Female Pipe Thread Adapter 90-Degree Drop-Ear Elbow",Apollo,each,Plumbing,8.98,USD
"1/2 in. x 100 ft. White PEX-A Expansion Pipe",Apollo,roll,Plumbing,38.86,USD
"1/2 in. x 100 ft. Blue PEX-A Expansion Pipe in Solid",Apollo,roll,Plumbing,38.86,USD
"1/2 in. Copper Pex Tubing Crimp Ring Pipe Fittings (25-Pack)",PLUMBFLEX,pack,Plumbing,7.7,USD
"1/2 in. x 10 ft. White PEX-A Expansion Pipe",Apollo,each,Plumbing,5.48,USD
"1/2 in. Brass PEX-B Barb Coupling",Apollo,each,Plumbing,2.23,USD
"1/2 in. Brass PEX-B Barb 90-Degree Elbow",Apollo,each,Plumbing,2.75,USD
"1/2 in. Plastic PEX-B Barb 90-Degree Elbow (5-Pack)",Apollo,pack,Plumbing,6.38,USD
"1/2 in. x 100 ft. Red PEX-A Expansion Pipe in Solid",Apollo,roll,Plumbing,38.86,USD
"1/2 in. Brass PEX-B Barb x 1/2 in. FNPT Adapter",Apollo,each,Plumbing,3.86,USD
"1/2 in. and 3/4 in. 2-in-1 PEX Pipe J-Hook Pipe Support Pro Pack (40-Pack)",Apollo,pack,Plumbing,13.98,USD
"1/2 in. x 2 ft. Red PEX-B Pipe",Apollo,each,Plumbing,3.52,USD
"1000ft. PEX Tubing Pipe 1/2 in. PEX Tubing Oxygen Barrier Radiant Floor PEX Pipe Radiant Floor Heating Plumbing Cold Red",VEVOR,roll,Plumbing,210.83,USD
"1/2 in. Brass PEX-B Barb Ball Valve",Apollo,each,Plumbing,10.86,USD
"2 in. x 10 ft. White Schedule 40 PVC Pipe Solid Core",Charlotte Pipe,each,Plumbing,14.36,USD
"2 in. x 2 ft. PVC DWV Schedule 40 Pipe",Charlotte Pipe,each,Plumbing,7.96,USD
"2 in. PVC Schedule 40 S x S Coupling",Charlotte Pipe,each,Plumbing,2.18,USD
"2 in. x 10 ft. Gray Non-Metallic PVC Schedule 40-Conduit",Cantex,each,Electrical,17.84,USD
"2 in. PVC Schedule 40 S x S x S Tee",Charlotte Pipe,each,Plumbing,4.95,USD
"2 in. PVC Schedule 40 MPT x S Male Adapter",Charlotte Pipe,each,Plumbing,2.59,USD
"2 in. PVC Socket Schedule 40 Pressure Cap",Charlotte Pipe,each,Plumbing,2.61,USD
"2 in. PVC Schedule 40 Female S x FPT Adapter",Charlotte Pipe,each,Plumbing,3.12,USD
"2 in. PVC Schedule 40-Plug MPT",Charlotte Pipe,each,Plumbing,3.37,USD
"2 in. Schedule 40-Standard Center Stop PVC Coupling",Cantex,each,Electrical,1.76,USD
"2 in. 90° Schedule 40 Electrical PVC 24 in. Bend Radius Belled End Elbow (UA9DJB-UPC)",Carlon,each,Electrical,30.86,USD
"2 in. x 1-1/2 in. PVC Schedule 40 Reducer Bushing",Charlotte Pipe,each,Plumbing,4.58,USD
"2 in. PVC Schedule 40-Plug SPG",Charlotte Pipe,each,Plumbing,4.42,USD
"2 in. x 1 in. PVC Schedule 40 Spigot x S Reducer Bushing",Charlotte Pipe,each,Plumbing,3.12,USD
"2 in. PVC Schedule 40 90-Degree Spigot x S Street Elbow Fitting",Charlotte Pipe,each,Plumbing,8.68,USD
"2 in. x 1-1/4 in. PVC Schedule 40-Reducer Bushing SPG X S",Charlotte Pipe,each,Plumbing,3.12,USD
"2 in. x 1-1/2 in. PVC Schedule 40 MPT x S Male Reducer Adapter",Charlotte Pipe,each,Plumbing,5.21,USD
"2 in. x 5 ft. Furniture Grade Schedule 40 PVC Pipe in White (2-Pack)",Formufit,pack,Plumbing,34.99,USD
"2 in. 90° Schedule 40 Electrical PVC Plain End Standard Radius Elbow (UA9AJ-CAR)",Carlon,each,Electrical,18.83,USD
"2 in. PVC Sch. 40 Solvent x Solvent Ball Valve",Everbilt,each,Plumbing,12.98,USD
"2 in. PVC Schedule. 40 90° MPT x S Street Elbow Fitting",Charlotte Pipe,each,Plumbing,7.95,USD
"2 in. 90° Schedule 40 Electrical PVC Belled End Standard Radius Elbow (Case of 5) (UA9AJB-5-HD)",Carlon,case,Electrical,26.6,USD
"2 in. 90° Schedule 40 Electrical PVC 36 in. Bend Radius Belled End Elbow (UA9FJB)",Carlon,each,Electrical,26.25,USD
"2 in. 90° Schedule 40 Standard Radius Electrical Belled End Elbow (UA9AJB-5-HD)",Carlon,each,Electrical,7.92,USD
"8 oz. 1 Step PVC Cement","Blue Monster",can,Plumbing,8.44,USD
"8 oz. Purple CPVC and PVC Primer and Regular Clear PVC Cement Combo Pack",Oatey,pack,Plumbing,11.98,USD
"8 oz. Regular Clear PVC Cement",Oatey,can,Plumbing,8.78,USD
"4 oz. PVC Pipe Cement",N/A,can,Plumbing,5.65,USD
"8 oz. PVC Red Hot Blue Glue and Purple Primer Handy Pack","Christy's",pack,Plumbing,12.93,USD
"780 PVC - PURP PRIMER TWIN PACK","Weld-On",pack,Plumbing,8.88,USD
"16 oz. Heavy-Duty Clear PVC Cement",Oatey,can,Plumbing,16.98,USD
"8 oz. Heavy-Duty Clear PVC Cement",Oatey,can,Plumbing,10.98,USD
"32 oz. Heavy-Duty Clear PVC Cement",Oatey,can,Plumbing,21.97,USD
"Rain-R-Shine 8 oz. Medium Blue PVC Cement",Oatey,can,Plumbing,11.64,USD
"8 oz. Medium Milky All-Purpose ABS, CPVC, PVC Cement",Oatey,can,Plumbing,10.71,USD
"8 fl. oz. Red Hot Blue Glue PVC Pipe Cement","Christy's",can,Plumbing,10.93,USD
"16 oz. Gray Heavy-Duty Fast Set PVC Cement",Oatey,can,Plumbing,17.47,USD
"8 oz. Medium Gray PVC Cement",Oatey,can,Plumbing,9.8,USD
"16 oz. Purple CPVC and PVC Primer",Oatey,can,Plumbing,11.96,USD
"16 oz. Regular Clear PVC Cement",Oatey,can,Plumbing,11.98,USD
"8 oz. Medium Gray Electrical PVC Pipe Cement",Oatey,can,Electrical,6.86,USD
"8 oz. Purple Primer and Rain-R-Shine Medium Blue PVC Cement Combo Pack",Oatey,pack,Plumbing,14.55,USD
"8 oz. Purple CPVC and PVC Primer and Medium Milky All-Purpose ABS, CPVC, PVC Cement Combo Pack",Oatey,pack,Plumbing,14.58,USD
"8 oz. Purple CPVC and PVC Primer",Oatey,can,Plumbing,9.67,USD
"Rain-R-Shine 16 oz. Medium Blue PVC Cement",Oatey,can,Plumbing,17.45,USD
"Fusion One-Step 10 oz. Clear PVC Cement",Oatey,can,Plumbing,9.29,USD
"16 oz. X-15 PVC Shower Pan Liner Adhesive Cement",Oatey,can,Plumbing,14.28,USD
"32 oz. Regular Clear PVC Cement",Oatey,can,Plumbing,17.55,USD
"3/4 in. PEX Barb Copper Crimp Rings (25-Pack)",SharkBite,pack,Plumbing,12.34,USD
"1/2 in. Stainless Steel PEX-B Barb Pinch Clamp (10-Pack)",Apollo,pack,Plumbing,7.38,USD
"1/2 in. Copper Crimp Ring (25-Pack)",Apollo,pack,Plumbing,10.98,USD
"1/2 in. Copper Crimp Ring Pro Pack (100-Pack)",Apollo,pack,Plumbing,30.65,USD
"1/2 in. Copper Pro Crimp Ring (10-Pack)",Apollo,pack,Plumbing,8.98,USD
"1/2 in. Stainless Steel PEX-B Barb Pinch Clamp (25-Pack)",Apollo,pack,Plumbing,10.54,USD
"3/4 in. Stainless Steel PEX-B Barb Pinch Clamp (10-Pack)",Apollo,pack,Plumbing,9.25,USD
"3/4 in. Copper Crimp Ring Pro Pack (100-Pack)",Apollo,pack,Plumbing,33.75,USD
"1/2 in. and 3/4 in. PEX-B Crimp Tool",Apollo,each,Plumbing,56.23,USD
"1/2 in. Stainless Steel PEX-B Barb Pinch Clamp Jar (100-Pack)",Apollo,jar,Plumbing,57.65,USD
"ONE+ 18V PEX Crimp Ring Press Tool (Tool Only)",RYOBI,each,Plumbing,239,USD
"3/4 in. Copper Pro Crimp Ring (10-Pack)",Apollo,pack,Plumbing,9.98,USD
"3/8 in. to 1 in. 1-Hand PEX-B Pinch Clamp Tool",Apollo,each,Plumbing,64.98,USD
"1/2 in. Copper Crimp Ring (50-Pack)",Apollo,pack,Plumbing,8.37,USD
"3/4 in. Copper Pro Crimp Ring Pro Pack (75-Pack)",Apollo,pack,Plumbing,48.22,USD
"1/2 in. Copper Pro Crimp Ring Pro Pack (75-Pack)",Apollo,pack,Plumbing,44.64,USD
"1/2 in. Stainless Steel PEX-B Crimp Sleeve (25-Pack)",Apollo,pack,Plumbing,14.43,USD
"1/2 in. Copper Pex Tubing Crimp Ring Pipe Fittings (25-Pack)",PLUMBFLEX,pack,Plumbing,7.7,USD
"1/2 - 1 in. PEX-B Crimp Ring Removal Tool",Apollo,each,Plumbing,21.35,USD
"1 in. Copper Crimp Ring (25-Pack)",Apollo,pack,Plumbing,13.48,USD
"1/2 in. Stainless Steel PEX-B Barb Pro Pinch Clamp (10-Pack)",Apollo,pack,Plumbing,9.27,USD
"3/8 in. to 1in. Multi-Head PEX-B Crimp Tool Kit",Apollo,kit,Plumbing,109,USD
"3/4 in. Stainless Steel PEX-B Barb Pinch Clamp (25-Pack)",Apollo,pack,Plumbing,17.02,USD
"1 in. Stainless Steel PEX-B Barb Pinch Clamp (10-Pack)",Apollo,pack,Plumbing,11.78,USD
